notice-identifier,total-value-eur,total-value-eur-capped,total-value-eur-log,notice_is_cn-standard,notice_is_pin-only,notice_is_pin-tran,notice_is_pin-rtl,notice_is_cn-social,notice_is_pin-buyer,notice_is_qu-sy,notice_is_corr,notice_is_pin-cfc-social,notice_is_pin-cfc-standard,total-value,notice_type_cn-standard,notice_type_can-standard,notice_type_can-modif,notice_type_pin-only,notice_type_can-social,notice_type_cn-social,notice_type_veat,notice_type_pin-rtl,notice_type_pin-buyer,notice_type_cn-desg,is_outlier,outlier_status,anomaly_score,prediction_time
671cfb3c-1ca2-4d4b-835e-015ca35ad0c4,223000.0,223000.0,12.314931534737134,1,0,0,0,0,0,0,0,0,0,223000.0,0,0,0,0,0,0,0,0,0,0,False,NORMAL,0.1728,2025-05-30 11:59:56
0a29c5ab-1bfa-4d46-80f0-e9ef2f12af03,816000.0,816000.0,13.61217085943569,1,0,0,0,0,0,0,0,0,0,816000.0,0,0,0,0,0,0,0,0,0,0,False,NORMAL,0.1766,2025-05-30 11:59:56
4afdcb76-9828-4c51-b5a0-39bf738ef9e7,536330.98,536330.98,13.192508613996823,1,0,0,0,0,0,0,0,0,0,536330.98,0,0,0,0,0,0,0,0,0,0,False,NORMAL,0.1742,2025-05-30 11:59:56
e4dc8d6e-fe39-4f77-b558-2837cc56a556,338273.81,338273.81,12.731613891458492,1,0,0,0,0,0,0,0,0,0,338273.81,0,0,0,0,0,0,0,0,0,0,False,NORMAL,0.1753,2025-05-30 11:59:56
10a5ccfc-e324-4e66-81f6-aff10663770c,150000.0,150000.0,11.918397239722838,1,0,0,0,0,0,0,0,0,0,150000.0,0,0,0,0,0,0,0,0,0,0,False,NORMAL,0.1709,2025-05-30 11:59:56
636c822b-7a49-43c6-ba2c-45258030c08a,500000.0,500000.0,13.122365377402328,1,0,0,0,0,0,0,0,0,0,500000.0,0,0,0,0,0,0,0,0,0,0,False,NORMAL,0.1744,2025-05-30 11:59:56
3576d367-e8de-4425-af2a-c2bf546031e1,12855432.0,12855432.0,16.36927708150653,1,0,0,0,0,0,0,0,0,0,12855432.0,0,0,0,0,0,0,0,0,0,0,False,NORMAL,0.1448,2025-05-30 11:59:56
97303bf9-c810-42c5-8746-441e6ecaecef,2909089.81,2909089.81,14.88335115390313,0,0,0,0,1,0,0,0,0,0,2909089.81,0,0,0,0,0,0,0,0,0,0,False,NORMAL,0.1689,2025-05-30 11:59:56
4ddca8e6-f4ca-454d-8027-ccbad9795119,270000.0,270000.0,12.506180941677355,1,0,0,0,0,0,0,0,0,0,270000.0,0,0,0,0,0,0,0,0,0,0,False,NORMAL,0.1751,2025-05-30 11:59:56
c9fdfc6b-cd8d-4a8d-9483-0840b1f29e48,88571428.0,27807499.999999966,18.29931989178681,1,0,0,0,0,0,0,0,0,0,88571428.0,0,0,0,0,0,0,0,0,0,0,False,NORMAL,0.0351,2025-05-30 11:59:56
4342abe9-3124-4d7c-9e92-ff5a448318db,13000000.0,13000000.0,16.380459992348886,1,0,0,0,0,0,0,0,0,0,13000000.0,0,0,0,0,0,0,0,0,0,0,False,NORMAL,0.1448,2025-05-30 11:59:56
5ea871cb-07a1-421f-956f-4323c9cd2d9d,106674.9966,106674.9966,11.577551450407686,1,0,0,0,0,0,0,0,0,0,209166.66,0,0,0,0,0,0,0,0,0,0,False,NORMAL,0.172,2025-05-30 11:59:56
c6177961-6456-4946-9ba0-919d084d91d4,480000.0,480000.0,13.081543466215235,1,0,0,0,0,0,0,0,0,0,480000.0,0,0,0,0,0,0,0,0,0,0,False,NORMAL,0.1744,2025-05-30 11:59:56
f627bdb2-f1cc-4c22-999c-a3f4db7fe372,440000.0,440000.0,12.994532278619134,1,0,0,0,0,0,0,0,0,0,440000.0,0,0,0,0,0,0,0,0,0,0,False,NORMAL,0.1748,2025-05-30 11:59:56
444134c2-dad6-4047-967e-64f662cd1fa7,272000.0,272000.0,12.513561021741964,1,0,0,0,0,0,0,0,0,0,272000.0,0,0,0,0,0,0,0,0,0,0,False,NORMAL,0.1751,2025-05-30 11:59:56
b248a188-28c6-4d2a-b82a-daff55332385,330000.0,330000.0,12.706850963741102,1,0,0,0,0,0,0,0,0,0,330000.0,0,0,0,0,0,0,0,0,0,0,False,NORMAL,0.1753,2025-05-30 11:59:56
5b9a37de-5fdf-4f3a-8237-460f1e63e202,2604608.14,2604608.14,14.772793179685657,1,0,0,0,0,0,0,0,0,0,2604608.14,0,0,0,0,0,0,0,0,0,0,False,NORMAL,0.1709,2025-05-30 11:59:56
5a2e42b5-e14e-4fb5-b4ea-49e168b1e494,18520000.0,18520000.0,16.734361841177986,1,0,0,0,0,0,0,0,0,0,18520000.0,0,0,0,0,0,0,0,0,0,0,False,NORMAL,0.1321,2025-05-30 11:59:56
a3d3f8b3-86f5-4d05-a321-f2725ef1237b,991046.63,991046.63,13.806517874720225,1,0,0,0,0,0,0,0,0,0,991046.63,0,0,0,0,0,0,0,0,0,0,False,NORMAL,0.1723,2025-05-30 11:59:56
ef4ba2a7-0244-4a23-b1f8-9fc65c594408,852599.9999999999,852599.9999999999,13.656046956195503,1,0,0,0,0,0,0,0,0,0,9800000.0,0,0,0,0,0,0,0,0,0,0,False,NORMAL,0.172,2025-05-30 11:59:56
c26e6b1b-b25b-467b-b371-aa101c428da8,5000000.0,5000000.0,15.424948670398354,1,0,0,0,0,0,0,0,0,0,5000000.0,0,0,0,0,0,0,0,0,0,0,False,NORMAL,0.163,2025-05-30 11:59:56
2a943159-7342-41a6-93ea-5782acbb63b7,2000000.0,2000000.0,14.508658238524095,1,0,0,0,0,0,0,0,0,0,2000000.0,0,0,0,0,0,0,0,0,0,0,False,NORMAL,0.1691,2025-05-30 11:59:56
671dcf60-afdf-4b4b-8c20-3b0a209d5acd,0.0,0.0,0.0,1,0,0,0,0,0,0,0,0,0,0.0,0,0,0,0,0,0,0,0,0,0,False,NORMAL,0.075,2025-05-30 11:59:56
59214635-8de1-4154-a162-9de788d79d57,597250.0,597250.0,13.300092739527384,1,0,0,0,0,0,0,0,0,0,597250.0,0,0,0,0,0,0,0,0,0,0,False,NORMAL,0.1739,2025-05-30 11:59:56
892895cf-9b04-417e-916d-b118d256d707,9003526.53,9003526.53,16.013127006286805,1,0,0,0,0,0,0,0,0,0,9003526.53,0,0,0,0,0,0,0,0,0,0,False,NORMAL,0.156,2025-05-30 11:59:56
735de6a4-d7f6-420e-88b1-24878e9df499,2340000.0,2340000.0,14.66566191468422,1,0,0,0,0,0,0,0,0,0,60000000.0,0,0,0,0,0,0,0,0,0,0,False,NORMAL,0.1318,2025-05-30 11:59:56
9dac21de-6a2a-4068-b499-557b25a638d9,1800000.0,1800000.0,14.403297778421797,0,1,0,0,0,0,0,0,0,0,1800000.0,0,0,0,0,0,0,0,0,0,0,False,NORMAL,0.1707,2025-05-30 11:59:56
3365f0ae-72d8-4160-a2f6-4d15581a3271,54048000.0,27807499.999999966,17.805383117091736,1,0,0,0,0,0,0,0,0,0,54048000.0,0,0,0,0,0,0,0,0,0,0,False,NORMAL,0.0743,2025-05-30 11:59:56
e81622b2-b5c5-4593-b523-4bc062ab8319,640000.0,640000.0,13.369225017834632,1,0,0,0,0,0,0,0,0,0,640000.0,0,0,0,0,0,0,0,0,0,0,False,NORMAL,0.1751,2025-05-30 11:59:56
e9363a4b-15b3-4d7c-9dd9-bbbaa1fdab2d,280000.0,280000.0,12.54254845357358,0,0,0,0,0,0,0,0,1,0,280000.0,0,0,0,0,0,0,0,0,0,0,False,NORMAL,0.1751,2025-05-30 11:59:56
6fc80993-0cf3-44c5-bc70-61fedc888e3f,939600.0,939600.0,13.753210596049,1,0,0,0,0,0,0,0,0,0,10800000.0,0,0,0,0,0,0,0,0,0,0,False,NORMAL,0.1694,2025-05-30 11:59:56
9bb1e492-d096-42cf-bf01-87f74ad0f02a,24027430.0,24027430.0,16.994706693965952,1,0,0,0,0,0,0,0,0,0,24027430.0,0,0,0,0,0,0,0,0,0,0,False,NORMAL,0.1263,2025-05-30 11:59:56
a6c082ad-da0f-4d40-85ed-55f48c091d96,600600.0,600600.0,13.305686099531648,1,0,0,0,0,0,0,0,0,0,15400000.0,0,0,0,0,0,0,0,0,0,0,False,NORMAL,0.1646,2025-05-30 11:59:56
d0a6f651-6a01-4a23-acb1-9c026a72fafd,16200000.0,16200000.0,16.600521861931007,1,0,0,0,0,0,0,0,0,0,16200000.0,0,0,0,0,0,0,0,0,0,0,False,NORMAL,0.1414,2025-05-30 11:59:56
0a573518-99c2-401e-a36d-d029879e8c81,600000.0,600000.0,13.304686600863562,1,0,0,0,0,0,0,0,0,0,600000.0,0,0,0,0,0,0,0,0,0,0,False,NORMAL,0.1739,2025-05-30 11:59:56
906e7f04-ede3-443d-8727-465445b5dc69,3000000.0,3000000.0,14.914123179965662,0,1,0,0,0,0,0,0,0,0,3000000.0,0,0,0,0,0,0,0,0,0,0,False,NORMAL,0.168,2025-05-30 11:59:56
6416d359-21db-46a5-bf04-a6975a57ab6b,703800.0,703800.0,13.46425092472681,1,0,0,0,0,0,0,0,0,0,703800.0,0,0,0,0,0,0,0,0,0,0,False,NORMAL,0.1766,2025-05-30 11:59:56
d88e727a-00ee-456d-9171-aab2e9352b13,464800.0,464800.0,13.04936463598052,1,0,0,0,0,0,0,0,0,0,464800.0,0,0,0,0,0,0,0,0,0,0,False,NORMAL,0.1744,2025-05-30 11:59:56
93e35ba2-ba4d-479d-9760-551d0126ae6c,80160000.0,27807499.999999966,18.199535207775877,1,0,0,0,0,0,0,0,0,0,400800000.0,0,0,0,0,0,0,0,0,0,0,True,OUTLIER,-0.0095,2025-05-30 11:59:56
336692e0-2edc-4748-9c43-bc8a04465271,105000.0,105000.0,11.561725152903833,1,0,0,0,0,0,0,0,0,0,105000.0,0,0,0,0,0,0,0,0,0,0,False,NORMAL,0.1702,2025-05-30 11:59:56
681f6ccf-3be2-4c88-b6d6-6363df5a5d0a,100000.0,100000.0,11.51293546492023,1,0,0,0,0,0,0,0,0,0,100000.0,0,0,0,0,0,0,0,0,0,0,False,NORMAL,0.1702,2025-05-30 11:59:56
491eba52-64e4-4087-9bcb-6f6a79dc8db7,39989.1,39989.1,10.596387202462894,1,0,0,0,0,0,0,0,0,0,78410.0,0,0,0,0,0,0,0,0,0,0,False,NORMAL,0.1602,2025-05-30 11:59:56
f826ce24-8389-44b8-9146-e9741d8c1265,1897057.5,1897057.5,14.45581508660719,1,0,0,0,0,0,0,0,0,0,48642500.0,0,0,0,0,0,0,0,0,0,0,False,NORMAL,0.1452,2025-05-30 11:59:56
3c76e3db-b2f9-4856-93f0-edb561131a15,0.0,0.0,0.0,0,1,0,0,0,0,0,0,0,0,0.0,0,0,0,0,0,0,0,0,0,0,False,NORMAL,0.075,2025-05-30 11:59:56
0552fbfb-b0b1-498b-970a-6a0cf8935c95,0.0,0.0,0.0,0,1,0,0,0,0,0,0,0,0,0.0,0,0,0,0,0,0,0,0,0,0,False,NORMAL,0.075,2025-05-30 11:59:56
811b4e38-1335-4850-8a97-59bfe7d2417c,929612.7,929612.7,13.742524402492702,1,0,0,0,0,0,0,0,0,0,929612.7,0,0,0,0,0,0,0,0,0,0,False,NORMAL,0.1723,2025-05-30 11:59:56
c1e34c3e-aad8-4f29-baf7-ad5c674f18b3,10805317.4,10805317.4,16.19554901532792,1,0,0,0,0,0,0,0,0,0,10805317.4,0,0,0,0,0,0,0,0,0,0,False,NORMAL,0.1478,2025-05-30 11:59:56
9fefb607-011e-4293-ac45-1e6fddc82abe,1050000.0,1050000.0,13.864301674514206,1,0,0,0,0,0,0,0,0,0,1050000.0,0,0,0,0,0,0,0,0,0,0,False,NORMAL,0.1734,2025-05-30 11:59:56
92c3942d-67db-4cd0-920a-5ab22c2650e1,1188000.0,1188000.0,13.987782620655215,1,0,0,0,0,0,0,0,0,0,1188000.0,0,0,0,0,0,0,0,0,0,0,False,NORMAL,0.1743,2025-05-30 11:59:56
222c227f-2fac-4ecb-887e-aae15d2ae038,0.0,0.0,0.0,0,1,0,0,0,0,0,0,0,0,0.0,0,0,0,0,0,0,0,0,0,0,False,NORMAL,0.075,2025-05-30 11:59:56
1c6067b7-d83b-44c0-a4e8-0cec23db7e99,95000.0,95000.0,11.461642696843066,1,0,0,0,0,0,0,0,0,0,95000.0,0,0,0,0,0,0,0,0,0,0,False,NORMAL,0.1702,2025-05-30 11:59:56
8b84336b-6a7b-4259-9357-3766e9f9871d,11220000.0,11220000.0,16.23320854718538,1,0,0,0,0,0,0,0,0,0,22000000.0,0,0,0,0,0,0,0,0,0,0,False,NORMAL,0.1418,2025-05-30 11:59:56
16775761-6863-45ed-aeef-0e44a2005e72,276000.0,276000.0,12.52815976788113,1,0,0,0,0,0,0,0,0,0,1200000.0,0,0,0,0,0,0,0,0,0,0,False,NORMAL,0.1728,2025-05-30 11:59:56
4f8e70da-35c0-44ae-81a2-4e27a9a27353,2070000.0,2070000.0,14.543059648333225,1,0,0,0,0,0,0,0,0,0,9000000.0,0,0,0,0,0,0,0,0,0,0,False,NORMAL,0.1681,2025-05-30 11:59:56
c1f17633-844d-413a-96a8-79c47f44a5fc,0.0,0.0,0.0,1,0,0,0,0,0,0,0,0,0,0.0,0,0,0,0,0,0,0,0,0,0,False,NORMAL,0.075,2025-05-30 11:59:56
0873f677-1cac-4462-9367-15496536ce73,399069.6,399069.6,12.89689362257544,1,0,0,0,0,0,0,0,0,0,399069.6,0,0,0,0,0,0,0,0,0,0,False,NORMAL,0.1742,2025-05-30 11:59:56
9e165a3f-9bc8-4edf-906c-1647995c313c,1578720.0,1578720.0,14.27212558351534,1,0,0,0,0,0,0,0,0,0,40480000.0,0,0,0,0,0,0,0,0,0,0,False,NORMAL,0.1482,2025-05-30 11:59:56
519ba571-096b-46e5-9e51-d9d95c06bd79,354000.0,354000.0,12.777055016970678,1,0,0,0,0,0,0,0,0,0,354000.0,0,0,0,0,0,0,0,0,0,0,False,NORMAL,0.1753,2025-05-30 11:59:56
6c29869f-03bd-42cb-8a2a-9b6d37a55bd1,9570000.0,9570000.0,16.074143867922338,1,0,0,0,0,0,0,0,0,0,110000000.0,0,0,0,0,0,0,0,0,0,0,False,NORMAL,0.092,2025-05-30 11:59:56
5d8d8cf7-d843-4fe1-b8b2-8ba75e406176,1800000.0,1800000.0,14.403297778421797,1,0,0,0,0,0,0,0,0,0,1800000.0,0,0,0,0,0,0,0,0,0,0,False,NORMAL,0.1707,2025-05-30 11:59:56
ebdc3318-1d88-4a93-b9dd-22b8a8d0c09a,1043484.0,1043484.0,13.858076630695548,1,0,0,0,0,0,0,0,0,0,26756000.0,0,0,0,0,0,0,0,0,0,0,False,NORMAL,0.1571,2025-05-30 11:59:56
d297720d-595f-458e-8906-9e8913526108,350000.0,350000.0,12.765691290604371,1,0,0,0,0,0,0,0,0,0,350000.0,0,0,0,0,0,0,0,0,0,0,False,NORMAL,0.1753,2025-05-30 11:59:56
b590caed-6489-4a5d-b54f-a2c892bd9b7b,371623.86,371623.86,12.82564018357648,1,0,0,0,0,0,0,0,0,0,371623.86,0,0,0,0,0,0,0,0,0,0,False,NORMAL,0.1753,2025-05-30 11:59:56
d2295725-f8d1-42ea-9aa4-074f205ea8e6,1750000.0,1750000.0,14.375126917328105,1,0,0,0,0,0,0,0,0,0,1750000.0,0,0,0,0,0,0,0,0,0,0,False,NORMAL,0.1705,2025-05-30 11:59:56
509f7f78-60ed-4ec1-a6f0-26337a226db4,5970000.0,5970000.0,15.60225765287296,1,0,0,0,0,0,0,0,0,0,5970000.0,0,0,0,0,0,0,0,0,0,0,False,NORMAL,0.1616,2025-05-30 11:59:56
cd0972d9-00a4-46b9-9e4a-cd1036acc2be,414590.73,414590.73,12.935049531848067,1,0,0,0,0,0,0,0,0,0,812923.0,0,0,0,0,0,0,0,0,0,0,False,NORMAL,0.1739,2025-05-30 11:59:56
041e7234-d834-4cbc-b57d-c315c61495eb,0.0,0.0,0.0,1,0,0,0,0,0,0,0,0,0,0.0,0,0,0,0,0,0,0,0,0,0,False,NORMAL,0.075,2025-05-30 11:59:56
3aeb050a-abed-4ff5-a483-c718c03c4fbc,0.0,0.0,0.0,0,1,0,0,0,0,0,0,0,0,0.0,0,0,0,0,0,0,0,0,0,0,False,NORMAL,0.075,2025-05-30 11:59:56
a282656e-0c2f-4acc-abc0-4092cdfd9926,1200000.0,1200000.0,13.997832948091215,0,1,0,0,0,0,0,0,0,0,1200000.0,0,0,0,0,0,0,0,0,0,0,False,NORMAL,0.1743,2025-05-30 11:59:56
f7f88d09-16d5-4fe8-a34b-2e4503b3822d,16000000.0,16000000.0,16.588099342704055,1,0,0,0,0,0,0,0,0,0,16000000.0,0,0,0,0,0,0,0,0,0,0,False,NORMAL,0.1414,2025-05-30 11:59:56
7307ba9c-101b-475c-91dd-c041c24aacbf,960000.0,960000.0,13.774689605110144,1,0,0,0,0,0,0,0,0,0,960000.0,0,0,0,0,0,0,0,0,0,0,False,NORMAL,0.1723,2025-05-30 11:59:56
3276597e-efde-454e-8890-104ce219c27d,287975.2,287975.2,12.570633116814411,1,0,0,0,0,0,0,0,0,0,287975.2,0,0,0,0,0,0,0,0,0,0,False,NORMAL,0.1751,2025-05-30 11:59:56
1910711a-604f-417d-a6e6-1ad135b92418,348000.0,348000.0,12.759960632315702,1,0,0,0,0,0,0,0,0,0,348000.0,0,0,0,0,0,0,0,0,0,0,False,NORMAL,0.1753,2025-05-30 11:59:56
d62a0795-781d-4129-8a1b-d3085e400eea,6901873.25,6901873.25,15.747303563117404,0,0,0,1,0,0,0,0,0,0,6901873.25,0,0,0,0,0,0,0,0,0,0,False,NORMAL,0.1583,2025-05-30 11:59:56
1a38e7a0-952a-48a5-9ebe-fb132c3e3453,0.0,0.0,0.0,1,0,0,0,0,0,0,0,0,0,0.0,0,0,0,0,0,0,0,0,0,0,False,NORMAL,0.075,2025-05-30 11:59:56
0bfdbac7-6504-4650-a6b7-f4686f2d8538,30600.0,30600.0,10.328787967145065,1,0,0,0,0,0,0,0,0,0,60000.0,0,0,0,0,0,0,0,0,0,0,False,NORMAL,0.157,2025-05-30 11:59:56
25e0cc10-6814-47e3-a62a-d4c62b5f9b95,319930.0,319930.0,12.675860626525496,1,0,0,0,0,0,0,0,0,0,319930.0,0,0,0,0,0,0,0,0,0,0,False,NORMAL,0.1751,2025-05-30 11:59:56
d9882ee3-e2e1-442c-a6a2-640ddf3883b2,630300.0,630300.0,13.353952762046031,1,0,0,0,0,0,0,0,0,0,630300.0,0,0,0,0,0,0,0,0,0,0,False,NORMAL,0.175,2025-05-30 11:59:56
8aef83f3-4d9d-4ec3-86f0-90e7f4da6366,150000.0,150000.0,11.918397239722838,1,0,0,0,0,0,0,0,0,0,150000.0,0,0,0,0,0,0,0,0,0,0,False,NORMAL,0.1709,2025-05-30 11:59:56
d77e5db4-1e8d-4793-b716-758f04c15251,1507875.0,1507875.0,14.226212596052411,1,0,0,0,0,0,0,0,0,0,1507875.0,0,0,0,0,0,0,0,0,0,0,False,NORMAL,0.1708,2025-05-30 11:59:56
413d235e-38af-405d-9eae-5b378b90c310,2927884.0,2927884.0,14.889790877335734,1,0,0,0,0,0,0,0,0,0,2927884.0,0,0,0,0,0,0,0,0,0,0,False,NORMAL,0.168,2025-05-30 11:59:56
9330f10c-0a8c-457e-872e-94e9f9edf978,0.0,0.0,0.0,0,1,0,0,0,0,0,0,0,0,0.0,0,0,0,0,0,0,0,0,0,0,False,NORMAL,0.075,2025-05-30 11:59:56
55969922-4da5-49b3-8769-b35830704f3b,0.0,0.0,0.0,0,1,0,0,0,0,0,0,0,0,0.0,0,0,0,0,0,0,0,0,0,0,False,NORMAL,0.075,2025-05-30 11:59:56
1e27dc26-1b8f-414f-9d5b-aa299aad7995,419703.54,419703.54,12.947306266513593,1,0,0,0,0,0,0,0,0,0,419703.54,0,0,0,0,0,0,0,0,0,0,False,NORMAL,0.1748,2025-05-30 11:59:56
7063edc5-ab7d-4a2b-8f78-9196ccdf3d3f,22000.0,22000.0,9.99884318585288,1,0,0,0,0,0,0,0,0,0,22000.0,0,0,0,0,0,0,0,0,0,0,False,NORMAL,0.1523,2025-05-30 11:59:56
689115d7-ac0c-4212-a7c6-a014a876ee38,217499.99999999997,217499.99999999997,12.289958727201457,1,0,0,0,0,0,0,0,0,0,2500000.0,0,0,0,0,0,0,0,0,0,0,False,NORMAL,0.1684,2025-05-30 11:59:56
7706c0dd-c9b6-439c-9581-13f96893bf6c,879375.0,879375.0,13.68696784402143,1,0,0,0,0,0,0,0,0,0,879375.0,0,0,0,0,0,0,0,0,0,0,False,NORMAL,0.1749,2025-05-30 11:59:56
5bff1cd0-21a3-4428-ae72-7d5a39c3153b,213441.173,213441.173,12.271121222504648,1,0,0,0,0,0,0,0,0,0,928005.1,0,0,0,0,0,0,0,0,0,0,False,NORMAL,0.1674,2025-05-30 11:59:56
85c9817f-c3ee-4689-afa2-a1fc858ffcae,1564901.0,1564901.0,14.263333760187384,1,0,0,0,0,0,0,0,0,0,1564901.0,0,0,0,0,0,0,0,0,0,0,False,NORMAL,0.1723,2025-05-30 11:59:56
839b7b0b-c2a7-4718-bcf1-010b618ee21b,783000.0,783000.0,13.570889252111332,1,0,0,0,0,0,0,0,0,0,9000000.0,0,0,0,0,0,0,0,0,0,0,False,NORMAL,0.174,2025-05-30 11:59:56
6fae66f4-5983-47d7-a152-eb74759b1834,1870115.0,1870115.0,14.44151101899242,1,0,0,0,0,0,0,0,0,0,1870115.0,0,0,0,0,0,0,0,0,0,0,False,NORMAL,0.1707,2025-05-30 11:59:56
1616550c-e658-46a9-a843-6594d82120a7,26254812.0,26254812.0,17.083359882575866,1,0,0,0,0,0,0,0,0,0,26254812.0,0,0,0,0,0,0,0,0,0,0,False,NORMAL,0.1235,2025-05-30 11:59:56
76d79569-0646-46b3-b814-58a98a9dc367,269000.0,269000.0,12.502470376049184,1,0,0,0,0,0,0,0,0,0,269000.0,0,0,0,0,0,0,0,0,0,0,False,NORMAL,0.1748,2025-05-30 11:59:56
194e793b-848e-4375-b2d2-59f0a1935021,416393.44,416393.44,12.939388263088176,1,0,0,0,0,0,0,0,0,0,416393.44,0,0,0,0,0,0,0,0,0,0,False,NORMAL,0.1748,2025-05-30 11:59:56
865018b1-286c-431e-a88d-6cad28bf4531,510000.0,510000.0,13.1421679654829,1,0,0,0,0,0,0,0,0,0,510000.0,0,0,0,0,0,0,0,0,0,0,False,NORMAL,0.1747,2025-05-30 11:59:56
1c30b9c8-0f23-438b-8d5a-3a988e2501d0,7000000.0,7000000.0,15.76142084987672,0,1,0,0,0,0,0,0,0,0,7000000.0,0,0,0,0,0,0,0,0,0,0,False,NORMAL,0.1583,2025-05-30 11:59:56
4bfd1071-2b44-46cc-83d0-7081dc3628c8,670000.0,670000.0,13.415034483903348,1,0,0,0,0,0,0,0,0,0,670000.0,0,0,0,0,0,0,0,0,0,0,False,NORMAL,0.175,2025-05-30 11:59:56
a0cc89c1-cf15-46dc-98ce-584ee93ec7d5,2085303.6555,2085303.6555,14.550425520286684,1,0,0,0,0,0,0,0,0,0,53469324.5,0,0,0,0,0,0,0,0,0,0,False,NORMAL,0.1448,2025-05-30 11:59:56
48588aea-6a86-4660-bce0-d1efc210d0b7,24500000.0,24500000.0,17.01418371633128,0,1,0,0,0,0,0,0,0,0,24500000.0,0,0,0,0,0,0,0,0,0,0,False,NORMAL,0.1263,2025-05-30 11:59:56
a9d7fd20-f823-49c1-9b8c-c7c627684da8,0.0,0.0,0.0,1,0,0,0,0,0,0,0,0,0,0.0,0,0,0,0,0,0,0,0,0,0,False,NORMAL,0.075,2025-05-30 11:59:56
3b5031a6-7016-47a8-a0ed-705061f54fff,7833000.0,7833000.0,15.873856264014377,1,0,0,0,0,0,0,0,0,0,7833000.0,0,0,0,0,0,0,0,0,0,0,False,NORMAL,0.1583,2025-05-30 11:59:56
d3257766-9c88-4444-8574-48f0d9c2351f,1200000.0,1200000.0,13.997832948091215,1,0,0,0,0,0,0,0,0,0,1200000.0,0,0,0,0,0,0,0,0,0,0,False,NORMAL,0.1743,2025-05-30 11:59:56
bdecf9be-e0a8-4ca4-a9e5-0ac197df31ab,19491007.97,19491007.97,16.785463838743077,1,0,0,0,0,0,0,0,0,0,19491007.97,0,0,0,0,0,0,0,0,0,0,False,NORMAL,0.1314,2025-05-30 11:59:56
65e8f8fc-f12e-4efe-b967-48af2ac83cf6,5450135.1632,5450135.1632,15.511151150400725,1,0,0,0,0,0,0,0,0,0,23696239.84,0,0,0,0,0,0,0,0,0,0,False,NORMAL,0.1519,2025-05-30 11:59:56
b9e215b0-fc63-4856-81da-21860828fbfc,2085735.7,2085735.7,14.550632684140847,1,0,0,0,0,0,0,0,0,0,2085735.7,0,0,0,0,0,0,0,0,0,0,False,NORMAL,0.1707,2025-05-30 11:59:56
582801b0-3315-46e3-af3f-c6f1e9de2353,6000000.0,6000000.0,15.607270193858982,1,0,0,0,0,0,0,0,0,0,6000000.0,0,0,0,0,0,0,0,0,0,0,False,NORMAL,0.1616,2025-05-30 11:59:56
d620faf3-12d3-4b62-952f-383f20a736a8,165903.0,165903.0,12.01916458679806,1,0,0,0,0,0,0,0,0,0,325300.0,0,0,0,0,0,0,0,0,0,0,False,NORMAL,0.171,2025-05-30 11:59:56
b5721da7-e7ce-415b-a918-25618f5f5ecc,400000.0,400000.0,12.899222326086994,1,0,0,0,0,0,0,0,0,0,400000.0,0,0,0,0,0,0,0,0,0,0,False,NORMAL,0.1742,2025-05-30 11:59:56
95001ffb-1212-4796-bb3e-b09e01cb8ef1,261242.4918,261242.4918,12.47320817018052,1,0,0,0,0,0,0,0,0,0,512240.18,0,0,0,0,0,0,0,0,0,0,False,NORMAL,0.1739,2025-05-30 11:59:56
8d0aa0ce-4e60-4048-a1a4-163d41309f01,2880000.0,2880000.0,14.873301199334293,1,0,0,0,0,0,0,0,0,0,2880000.0,0,0,0,0,0,0,0,0,0,0,False,NORMAL,0.1689,2025-05-30 11:59:56
a554247d-8a7d-4900-ac9c-db3234ffabcf,455000.0,455000.0,13.02805489573287,1,0,0,0,0,0,0,0,0,0,175000000.0,0,0,0,0,0,0,0,0,0,0,False,NORMAL,0.089,2025-05-30 11:59:56
f8e809da-26f2-4525-9b11-cfbe25204c3d,0.0,0.0,0.0,1,0,0,0,0,0,0,0,0,0,0.0,0,0,0,0,0,0,0,0,0,0,False,NORMAL,0.075,2025-05-30 11:59:56
d65914ce-2826-4d0b-9d0e-55e266dc96f2,500000.0,500000.0,13.122365377402328,1,0,0,0,0,0,0,0,0,0,500000.0,0,0,0,0,0,0,0,0,0,0,False,NORMAL,0.1744,2025-05-30 11:59:56
770f6a1c-b095-4486-a423-18208850e945,12637772.36,12637772.36,16.352200772937454,1,0,0,0,0,0,0,0,0,0,12637772.36,0,0,0,0,0,0,0,0,0,0,False,NORMAL,0.1448,2025-05-30 11:59:56
15ccfbd6-f128-478d-ac37-eaf6b605f421,575000.0,575000.0,13.26212705890841,1,0,0,0,0,0,0,0,0,0,575000.0,0,0,0,0,0,0,0,0,0,0,False,NORMAL,0.1738,2025-05-30 11:59:56
ca725173-6a06-434c-828d-2331256021be,440000.0,440000.0,12.994532278619134,1,0,0,0,0,0,0,0,0,0,440000.0,0,0,0,0,0,0,0,0,0,0,False,NORMAL,0.1748,2025-05-30 11:59:56
66f72d93-80d2-4b81-965a-42d7cde1c639,0.0,0.0,0.0,1,0,0,0,0,0,0,0,0,0,0.0,0,0,0,0,0,0,0,0,0,0,False,NORMAL,0.075,2025-05-30 11:59:56
1369a27a-eaf9-4c28-b348-3590c12787ce,269000.0,269000.0,12.502470376049184,1,0,0,0,0,0,0,0,0,0,269000.0,0,0,0,0,0,0,0,0,0,0,False,NORMAL,0.1748,2025-05-30 11:59:56
014ad0fa-8f45-4ecd-93f6-d512a40519d7,5132169.705,5132169.705,15.451039267024951,1,0,0,0,0,0,0,0,0,0,131594095.0,0,0,0,0,0,0,0,0,0,0,False,NORMAL,0.095,2025-05-30 11:59:56
c6435a3a-fda4-486c-8543-65374299a3f4,132000.0,132000.0,11.790564777297387,1,0,0,0,0,0,0,0,0,0,132000.0,0,0,0,0,0,0,0,0,0,0,False,NORMAL,0.1707,2025-05-30 11:59:56
539be190-5695-42cd-8afe-f563b22da407,917931.66,917931.66,13.729879311792184,1,0,0,0,0,0,0,0,0,0,917931.66,0,0,0,0,0,0,0,0,0,0,False,NORMAL,0.1749,2025-05-30 11:59:56
876206cb-5589-4a45-8d18-d946ce8ea589,2144500.0,2144500.0,14.578417449248128,1,0,0,0,0,0,0,0,0,0,2144500.0,0,0,0,0,0,0,0,0,0,0,False,NORMAL,0.1707,2025-05-30 11:59:56
bc9937bd-9e8a-4175-8ff4-d107727a09df,67768.6,67768.6,11.12386899579608,1,0,0,0,0,0,0,0,0,0,67768.6,0,0,0,0,0,0,0,0,0,0,False,NORMAL,0.1678,2025-05-30 11:59:56
d7b6033f-d78b-4030-926f-967f9cb71e21,799000.0,799000.0,13.591117476312084,1,0,0,0,0,0,0,0,0,0,799000.0,0,0,0,0,0,0,0,0,0,0,False,NORMAL,0.1766,2025-05-30 11:59:56
82541d5a-5618-48aa-8e89-744a18dc50f0,17150000.0,17150000.0,16.65750878988526,1,0,0,0,0,0,0,0,0,0,17150000.0,0,0,0,0,0,0,0,0,0,0,False,NORMAL,0.1381,2025-05-30 11:59:56
ecbfc529-8957-4731-be4c-765adb80f91e,240000.0,240000.0,12.388398368982116,1,0,0,0,0,0,0,0,0,0,240000.0,0,0,0,0,0,0,0,0,0,0,False,NORMAL,0.1728,2025-05-30 11:59:56
8b3244fb-fe13-416f-bf7f-300df385c205,38668792.5,27807499.999999966,17.470543463200194,1,0,0,0,0,0,0,0,0,0,38668792.5,0,0,0,0,0,0,0,0,0,0,False,NORMAL,0.1023,2025-05-30 11:59:56
0e96f94d-700c-4de8-9f4c-d573a1a5e531,1031970.0,1031970.0,13.846981123853617,1,0,0,0,0,0,0,0,0,0,1031970.0,0,0,0,0,0,0,0,0,0,0,False,NORMAL,0.1722,2025-05-30 11:59:56
20abb782-ac34-4bcc-9160-9f1473aca032,129960000.0,27807499.999999966,18.68273727645985,1,0,0,0,0,0,0,0,0,0,129960000.0,0,0,0,0,0,0,0,0,0,0,False,NORMAL,0.0044,2025-05-30 11:59:56
019416ef-450c-4454-91db-9ec50c06bef0,1554283.0,1554283.0,14.256525547394972,1,0,0,0,0,0,0,0,0,0,1554283.0,0,0,0,0,0,0,0,0,0,0,False,NORMAL,0.1715,2025-05-30 11:59:56
bf0bfa48-f848-46cc-8d7c-c67167e25e8c,3479999.9999999995,3479999.9999999995,15.062543139106936,1,0,0,0,0,0,0,0,0,0,40000000.0,0,0,0,0,0,0,0,0,0,0,False,NORMAL,0.1482,2025-05-30 11:59:56
4bd4cd3b-d60f-49b5-9b1d-6d1d7a986238,150450.0,150450.0,11.921392728762587,1,0,0,0,0,0,0,0,0,0,295000.0,0,0,0,0,0,0,0,0,0,0,False,NORMAL,0.1709,2025-05-30 11:59:56
75961f78-c0d9-4030-b64f-7738792719be,3000000.0,3000000.0,14.914123179965662,0,1,0,0,0,0,0,0,0,0,3000000.0,0,0,0,0,0,0,0,0,0,0,False,NORMAL,0.168,2025-05-30 11:59:56
38d987cc-040b-42ff-b9bb-97786f8645c3,6364906.0,6364906.0,15.666310178712148,1,0,0,0,0,0,0,0,0,0,6364906.0,0,0,0,0,0,0,0,0,0,0,False,NORMAL,0.16,2025-05-30 11:59:56
e22860b6-1e45-4b3d-8109-0661e495ad60,21750000.0,21750000.0,16.89512436147598,1,0,0,0,0,0,0,0,0,0,250000000.0,0,0,0,0,0,0,0,0,0,0,False,NORMAL,0.0531,2025-05-30 11:59:56
463f13a9-c93f-45c6-b011-6c55da87b1c1,700000.0,700000.0,13.45883704259595,1,0,0,0,0,0,0,0,0,0,700000.0,0,0,0,0,0,0,0,0,0,0,False,NORMAL,0.1766,2025-05-30 11:59:56
ea1b3531-a83c-4426-bd01-f73878122544,0.0,0.0,0.0,1,0,0,0,0,0,0,0,0,0,0.0,0,0,0,0,0,0,0,0,0,0,False,NORMAL,0.075,2025-05-30 11:59:56
799dc279-a443-4cbf-98cc-59a3491dceaa,251806.08,251806.08,12.436418517750706,1,0,0,0,0,0,0,0,0,0,251806.08,0,0,0,0,0,0,0,0,0,0,False,NORMAL,0.1732,2025-05-30 11:59:56
6f6e662a-4528-408a-8064-2fddbfa3b9f3,425636.0,425636.0,12.961342149321077,1,0,0,0,0,0,0,0,0,0,425636.0,0,0,0,0,0,0,0,0,0,0,False,NORMAL,0.1748,2025-05-30 11:59:56
559f0271-4511-46ff-a107-6b40b28b1dca,8000000.0,8000000.0,15.894952224644102,1,0,0,0,0,0,0,0,0,0,8000000.0,0,0,0,0,0,0,0,0,0,0,False,NORMAL,0.1583,2025-05-30 11:59:56
b642b0ef-07b2-4ddc-8aaf-38c87f799448,500000.0,500000.0,13.122365377402328,1,0,0,0,0,0,0,0,0,0,500000.0,0,0,0,0,0,0,0,0,0,0,False,NORMAL,0.1744,2025-05-30 11:59:56
9ab84384-b97f-49e9-bd46-f60f2ea97406,1051256.5288,1051256.5288,13.86549765200346,1,0,0,0,0,0,0,0,0,0,4570680.56,0,0,0,0,0,0,0,0,0,0,False,NORMAL,0.174,2025-05-30 11:59:56
12e4d9c3-a46a-4f69-8014-3a0a7f9b86da,1580850.0,1580850.0,14.273473867601078,1,0,0,0,0,0,0,0,0,0,1580850.0,0,0,0,0,0,0,0,0,0,0,False,NORMAL,0.1723,2025-05-30 11:59:56
919a7b47-43b2-4bfc-aad3-8b0c95b6f688,1050000.0,1050000.0,13.864301674514206,1,0,0,0,0,0,0,0,0,0,1050000.0,0,0,0,0,0,0,0,0,0,0,False,NORMAL,0.1734,2025-05-30 11:59:56
2dbff1a3-3d79-4bd8-981b-df5fe9a80108,104000.0,104000.0,11.552155793461898,1,0,0,0,0,0,0,0,0,0,40000000.0,0,0,0,0,0,0,0,0,0,0,False,NORMAL,0.1424,2025-05-30 11:59:56
4d315d6e-d2d3-4d05-bfa3-46739df8dc41,3687594.98,3687594.98,15.120485307766051,1,0,0,0,0,0,0,0,0,0,3687594.98,0,0,0,0,0,0,0,0,0,0,False,NORMAL,0.1652,2025-05-30 11:59:56
597a54df-0960-4380-b48f-e2bbd7e15f7a,623412.855,623412.855,13.342965870964138,1,0,0,0,0,0,0,0,0,0,15984945.0,0,0,0,0,0,0,0,0,0,0,False,NORMAL,0.1657,2025-05-30 11:59:56
f6457a2c-f446-4dc3-b22d-eae244db1ce1,607226.0,607226.0,13.31665797047812,1,0,0,0,0,0,0,0,0,0,607226.0,0,0,0,0,0,0,0,0,0,0,False,NORMAL,0.1741,2025-05-30 11:59:56
bc0731ee-e24e-496b-ae33-a4c3b8107a11,200000.0,200000.0,12.206077645517674,1,0,0,0,0,0,0,0,0,0,200000.0,0,0,0,0,0,0,0,0,0,0,False,NORMAL,0.1716,2025-05-30 11:59:56
a4734ad0-6f50-4278-88f0-73b5cb471003,317600.0,317600.0,12.66855115696477,1,0,0,0,0,0,0,0,0,0,317600.0,0,0,0,0,0,0,0,0,0,0,False,NORMAL,0.1751,2025-05-30 11:59:56
93f4e583-a7e9-46c5-86b8-56d53180f8ca,879750.0,879750.0,13.687394191869744,1,0,0,0,0,0,0,0,0,0,1725000.0,0,0,0,0,0,0,0,0,0,0,False,NORMAL,0.1764,2025-05-30 11:59:56
2b6619a6-c1ee-4e37-9523-0d79146caf83,35000.0,35000.0,10.463131911491969,1,0,0,0,0,0,0,0,0,0,35000.0,0,0,0,0,0,0,0,0,0,0,False,NORMAL,0.1585,2025-05-30 11:59:56
11f15778-45e1-422d-b03a-afeccbe140ea,77688.0,77688.0,11.26046895619217,1,0,0,0,0,0,0,0,0,0,1992000.0,0,0,0,0,0,0,0,0,0,0,False,NORMAL,0.1639,2025-05-30 11:59:56
638eda58-44c9-4596-bda1-93723e71ef46,1794000.0,1794000.0,14.399958879014324,1,0,0,0,0,0,0,0,0,0,46000000.0,0,0,0,0,0,0,0,0,0,0,False,NORMAL,0.1471,2025-05-30 11:59:56
bea15a21-9efd-4d51-9707-231e0b389322,2101622.4483000003,2101622.4483000003,14.558220674647524,1,0,0,0,0,0,0,0,0,0,4120828.33,0,0,0,0,0,0,0,0,0,0,False,NORMAL,0.1701,2025-05-30 11:59:56
5b181137-277a-424f-bb95-6cca921e4c98,5798435.14,5798435.14,15.573098808125184,1,0,0,0,0,0,0,0,0,0,5798435.14,0,0,0,0,0,0,0,0,0,0,False,NORMAL,0.1616,2025-05-30 11:59:56
dd0516b5-dea7-4679-a832-a3b6d19d93f2,0.0,0.0,0.0,0,1,0,0,0,0,0,0,0,0,0.0,0,0,0,0,0,0,0,0,0,0,False,NORMAL,0.075,2025-05-30 11:59:56
07c5343b-b739-477d-af8d-b3b8ed2815fd,15706130.037000002,15706130.037000002,16.569561705999433,1,0,0,0,0,0,0,0,0,0,68287521.9,0,0,0,0,0,0,0,0,0,0,False,NORMAL,0.0999,2025-05-30 11:59:56
a040a260-bd51-4aba-854c-2c35f610ab38,79000.0,79000.0,11.277215789596893,1,0,0,0,0,0,0,0,0,0,79000.0,0,0,0,0,0,0,0,0,0,0,False,NORMAL,0.1677,2025-05-30 11:59:56
e4fef4ce-a19b-4cb6-bf36-0ec13af580ed,50000.0,50000.0,10.819798284210286,1,0,0,0,0,0,0,0,0,0,50000.0,0,0,0,0,0,0,0,0,0,0,False,NORMAL,0.163,2025-05-30 11:59:56
243cec85-930c-46ed-9d43-982275bd184b,260000.0,260000.0,12.468440756144114,1,0,0,0,0,0,0,0,0,0,260000.0,0,0,0,0,0,0,0,0,0,0,False,NORMAL,0.1748,2025-05-30 11:59:56
4bd3f138-4fd3-4460-a2a6-f04856eef119,7829999.999999999,7829999.999999999,15.873473195680898,1,0,0,0,0,0,0,0,0,0,90000000.0,0,0,0,0,0,0,0,0,0,0,False,NORMAL,0.1078,2025-05-30 11:59:56
a94a051c-1502-43b8-9a34-8301f6d13154,289575.0,289575.0,12.576173063131373,1,0,0,0,0,0,0,0,0,0,289575.0,0,0,0,0,0,0,0,0,0,0,False,NORMAL,0.1751,2025-05-30 11:59:56
0233ecdb-54a5-4754-8797-54b2fc48d39f,550000.0,550000.0,13.21767537538882,1,0,0,0,0,0,0,0,0,0,550000.0,0,0,0,0,0,0,0,0,0,0,False,NORMAL,0.1732,2025-05-30 11:59:56
e22b51e3-f0fc-4367-a747-4f6a48e59081,4800000.0,4800000.0,15.38412668421143,1,0,0,0,0,0,0,0,0,0,4800000.0,0,0,0,0,0,0,0,0,0,0,False,NORMAL,0.163,2025-05-30 11:59:56
ff6deef0-070a-4f20-bc19-e0cd286b30d6,0.0,0.0,0.0,0,1,0,0,0,0,0,0,0,0,0.0,0,0,0,0,0,0,0,0,0,0,False,NORMAL,0.075,2025-05-30 11:59:56
896b1726-fde7-4bb9-b49f-412a306cdfae,3160690.0,3160690.0,14.966301232544176,1,0,0,0,0,0,0,0,0,0,3160690.0,0,0,0,0,0,0,0,0,0,0,False,NORMAL,0.1661,2025-05-30 11:59:56
3d2fd733-b5db-4ed6-93dd-f25cc175eeb0,275000.0,275000.0,12.524530013005734,1,0,0,0,0,0,0,0,0,0,275000.0,0,0,0,0,0,0,0,0,0,0,False,NORMAL,0.1751,2025-05-30 11:59:56
5f9a1f43-4f5e-405e-b4c6-456e2bc59ca2,448500.0,448500.0,13.013666190132906,1,0,0,0,0,0,0,0,0,0,1950000.0,0,0,0,0,0,0,0,0,0,0,False,NORMAL,0.1733,2025-05-30 11:59:56
be973220-e24f-4596-93ed-cd05578380f8,962955.0,962955.0,13.777762999186054,1,0,0,0,0,0,0,0,0,0,962955.0,0,0,0,0,0,0,0,0,0,0,False,NORMAL,0.1723,2025-05-30 11:59:56
dbf6fd87-28fd-4412-85dc-40823e074755,215000.0,215000.0,12.278397958261774,1,0,0,0,0,0,0,0,0,0,215000.0,0,0,0,0,0,0,0,0,0,0,False,NORMAL,0.1728,2025-05-30 11:59:56
3fba494f-df46-4c93-86ee-3544792a1a79,2410992.0,2410992.0,14.695549253799491,0,0,0,1,0,0,0,0,0,0,2410992.0,0,0,0,0,0,0,0,0,0,0,False,NORMAL,0.1719,2025-05-30 11:59:56
aca1dc5b-72bb-4089-be4f-4f0321d24d80,5309000.0,5309000.0,15.48491423992518,1,0,0,0,0,0,0,0,0,0,5309000.0,0,0,0,0,0,0,0,0,0,0,False,NORMAL,0.1616,2025-05-30 11:59:56
87a7d80c-9af2-4b68-931d-e7aeaa965312,4000000.0,4000000.0,15.201805169084134,1,0,0,0,0,0,0,0,0,0,4000000.0,0,0,0,0,0,0,0,0,0,0,False,NORMAL,0.1648,2025-05-30 11:59:56
4f17399c-77cf-4672-a62e-f904c83a1fb6,0.0,0.0,0.0,0,1,0,0,0,0,0,0,0,0,0.0,0,0,0,0,0,0,0,0,0,0,False,NORMAL,0.075,2025-05-30 11:59:56
b9530001-dbcd-40d3-8a87-cb66a0d104e0,300000.0,300000.0,12.611541086966117,1,0,0,0,0,0,0,0,0,0,300000.0,0,0,0,0,0,0,0,0,0,0,False,NORMAL,0.1751,2025-05-30 11:59:56
c955f2cc-5afe-4867-9cff-4593276d542a,137819.38,137819.38,11.83370652212696,1,0,0,0,0,0,0,0,0,0,137819.38,0,0,0,0,0,0,0,0,0,0,False,NORMAL,0.1709,2025-05-30 11:59:56
410e642c-173a-4d22-9963-801eee994f03,23000.0,23000.0,10.043292972227004,1,0,0,0,0,0,0,0,0,0,100000.0,0,0,0,0,0,0,0,0,0,0,False,NORMAL,0.1489,2025-05-30 11:59:56
6fa07cc2-f4b7-46b2-96a7-99aed0fe70d3,1131000.0,1131000.0,13.938613639271164,1,0,0,0,0,0,0,0,0,0,29000000.0,0,0,0,0,0,0,0,0,0,0,False,NORMAL,0.1577,2025-05-30 11:59:56
0d481c95-cf38-4a54-85fd-d7f38d30cd98,7650.0,7650.0,8.942591637231851,1,0,0,0,0,0,0,0,0,0,15000.0,0,0,0,0,0,0,0,0,0,0,False,NORMAL,0.1435,2025-05-30 11:59:56
4ffd040a-57ca-4ef9-a0f2-9d24f9788bde,300000.0,300000.0,12.611541086966117,1,0,0,0,0,0,0,0,0,0,300000.0,0,0,0,0,0,0,0,0,0,0,False,NORMAL,0.1751,2025-05-30 11:59:56
3db2fcd1-59df-4e92-bae2-8e3460c3571c,0.0,0.0,0.0,1,0,0,0,0,0,0,0,0,0,0.0,0,0,0,0,0,0,0,0,0,0,False,NORMAL,0.075,2025-05-30 11:59:56
b6545f7b-85bf-4994-a0c9-4d618482e99e,5743233.6,5743233.6,15.563533128742211,1,0,0,0,0,0,0,0,0,0,5743233.6,0,0,0,0,0,0,0,0,0,0,False,NORMAL,0.1616,2025-05-30 11:59:56
b72321c3-5953-4785-8d35-10e7241a6bd1,400000.0,400000.0,12.899222326086994,1,0,0,0,0,0,0,0,0,0,400000.0,0,0,0,0,0,0,0,0,0,0,False,NORMAL,0.1742,2025-05-30 11:59:56
a87e65e9-65cf-48b4-b9db-64f8e8ec8d0b,195000.0,195000.0,12.180759965737863,1,0,0,0,0,0,0,0,0,0,5000000.0,0,0,0,0,0,0,0,0,0,0,False,NORMAL,0.1663,2025-05-30 11:59:56
8ee7f26e-ef95-4aa7-9fd3-a83eadde04da,734724.62,734724.62,13.507252402376448,1,0,0,0,0,0,0,0,0,0,734724.62,0,0,0,0,0,0,0,0,0,0,False,NORMAL,0.1766,2025-05-30 11:59:56
5ac250f1-508f-400f-ad66-918c7ecc6e56,1200000.0,1200000.0,13.997832948091215,1,0,0,0,0,0,0,0,0,0,1200000.0,0,0,0,0,0,0,0,0,0,0,False,NORMAL,0.1743,2025-05-30 11:59:56
4342818e-6b1e-478b-a2de-ceab1626f76a,981500.0,981500.0,13.796838311546836,1,0,0,0,0,0,0,0,0,0,981500.0,0,0,0,0,0,0,0,0,0,0,False,NORMAL,0.1723,2025-05-30 11:59:56
75d0d0d9-a705-4730-99bc-d5b35a9131b1,955500.0,955500.0,13.769991089234392,1,0,0,0,0,0,0,0,0,0,24500000.0,0,0,0,0,0,0,0,0,0,0,False,NORMAL,0.1571,2025-05-30 11:59:56
f64d2170-6f60-4e22-a069-6c92fb8ed088,0.0,0.0,0.0,0,1,0,0,0,0,0,0,0,0,0.0,0,0,0,0,0,0,0,0,0,0,False,NORMAL,0.075,2025-05-30 11:59:56
6d84a94e-5ee4-4d4d-bd07-3747a33e6391,375000.0,375000.0,12.83468397161566,1,0,0,0,0,0,0,0,0,0,375000.0,0,0,0,0,0,0,0,0,0,0,False,NORMAL,0.174,2025-05-30 11:59:56
96110835-1ccd-4bf7-b5e5-ec2d2d90be5b,4850000.0,4850000.0,15.394489469099211,1,0,0,0,0,0,0,0,0,0,4850000.0,0,0,0,0,0,0,0,0,0,0,False,NORMAL,0.163,2025-05-30 11:59:56
87304856-cfb5-409b-b788-2c4fe63cc82b,500000.0,500000.0,13.122365377402328,1,0,0,0,0,0,0,0,0,0,500000.0,0,0,0,0,0,0,0,0,0,0,False,NORMAL,0.1744,2025-05-30 11:59:56
b6cf6a15-7c59-49f0-8de1-6d0712a645ad,4979146.16,4979146.16,15.420769181323315,1,0,0,0,0,0,0,0,0,0,4979146.16,0,0,0,0,0,0,0,0,0,0,False,NORMAL,0.163,2025-05-30 11:59:56
2e50acda-95f3-4117-b5c6-998b0f7c1f2b,202066.12,202066.12,12.216355198419212,1,0,0,0,0,0,0,0,0,0,202066.12,0,0,0,0,0,0,0,0,0,0,False,NORMAL,0.1716,2025-05-30 11:59:56
010ebd3b-d0b5-4b54-a879-0baf18d0d994,1102479.54,1102479.54,13.91307323535371,1,0,0,0,0,0,0,0,0,0,1102479.54,0,0,0,0,0,0,0,0,0,0,False,NORMAL,0.1743,2025-05-30 11:59:56
35693b69-5836-4b52-bbf6-4f147a6509ee,1852704.0,1852704.0,14.432157291298427,1,0,0,0,0,0,0,0,0,0,1852704.0,0,0,0,0,0,0,0,0,0,0,False,NORMAL,0.1707,2025-05-30 11:59:56
eda5e892-8c33-4900-9796-c008bb9cf4f2,8594365.05,8594365.05,15.966617436079996,1,0,0,0,0,0,0,0,0,0,8594365.05,0,0,0,0,0,0,0,0,0,0,False,NORMAL,0.156,2025-05-30 11:59:56
c752e9d6-6afc-4a23-9cf5-0d92d344b672,34000000.0,27807499.999999966,17.341871111992198,0,0,0,1,0,0,0,0,0,0,34000000.0,0,0,0,0,0,0,0,0,0,0,False,NORMAL,0.109,2025-05-30 11:59:56
d27d1c9d-7a23-4aaa-ba24-3cdd59db560d,880000.0,880000.0,13.68767832281738,1,0,0,0,0,0,0,0,0,0,880000.0,0,0,0,0,0,0,0,0,0,0,False,NORMAL,0.1749,2025-05-30 11:59:56
62ed3015-1adc-401f-b70b-749b1a52d184,787919.0939999999,787919.0939999999,13.577151960145027,1,0,0,0,0,0,0,0,0,0,1544939.4,0,0,0,0,0,0,0,0,0,0,False,NORMAL,0.1764,2025-05-30 11:59:56
e1f8932c-d1b2-4ec2-889f-b71c6cafe8b6,1170000.0,1170000.0,13.972515161474428,1,0,0,0,0,0,0,0,0,0,30000000.0,0,0,0,0,0,0,0,0,0,0,False,NORMAL,0.1577,2025-05-30 11:59:56
1fe23d7d-29e1-490d-9271-3730c6974fab,594819.42,594819.42,13.296014823846363,1,0,0,0,0,0,0,0,0,0,15251780.0,0,0,0,0,0,0,0,0,0,0,False,NORMAL,0.1646,2025-05-30 11:59:56
51095f1d-9416-433a-a5fe-966a6bddc2ad,13250000.0,13250000.0,16.3995081858682,1,0,0,0,0,0,0,0,0,0,13250000.0,0,0,0,0,0,0,0,0,0,0,False,NORMAL,0.1448,2025-05-30 11:59:56
97ee94b9-14c7-43f7-8514-5c256c4b9710,7452142.88,7452142.88,15.824012318085666,1,0,0,0,0,0,0,0,0,0,57324176.0,0,0,0,0,0,0,0,0,0,0,False,NORMAL,0.1269,2025-05-30 11:59:56
76e80c70-547c-4e40-8bf5-046ded99eb09,600000.0,600000.0,13.304686600863562,1,0,0,0,0,0,0,0,0,0,600000.0,0,0,0,0,0,0,0,0,0,0,False,NORMAL,0.1739,2025-05-30 11:59:56
f75c2126-a2ca-4eb3-8921-fd8a92366d20,1650788.0,1650788.0,14.316763913402454,1,0,0,0,0,0,0,0,0,0,1650788.0,0,0,0,0,0,0,0,0,0,0,False,NORMAL,0.1703,2025-05-30 11:59:56
68ee1f48-09f4-4ee4-8718-c56eb5400028,674263.65,674263.65,13.421377968611685,0,0,0,1,0,0,0,0,0,0,674263.65,0,0,0,0,0,0,0,0,0,0,False,NORMAL,0.1747,2025-05-30 11:59:56
187c2811-1e3b-4513-a209-521a4a600c4a,5122101.6,5122101.6,15.449075576778784,1,0,0,0,0,0,0,0,0,0,5122101.6,0,0,0,0,0,0,0,0,0,0,False,NORMAL,0.1638,2025-05-30 11:59:56
70e4ab7f-f99a-4127-a010-d4769bbebea6,453162.98352,453162.98352,13.024009333486347,1,0,0,0,0,0,0,0,0,0,11619563.68,0,0,0,0,0,0,0,0,0,0,False,NORMAL,0.1658,2025-05-30 11:59:56
3d73cccf-a2f6-4c33-9149-721c6cc7ffa7,648000.0,648000.0,13.381647518543096,1,0,0,0,0,0,0,0,0,0,648000.0,0,0,0,0,0,0,0,0,0,0,False,NORMAL,0.175,2025-05-30 11:59:56
fbcc17ad-277a-45d1-adf7-b656f1957df0,142720000.0,27807499.999999966,18.7763952338027,1,0,0,0,0,0,0,0,0,0,142720000.0,0,0,0,0,0,0,0,0,0,0,False,NORMAL,0.0013,2025-05-30 11:59:56
c505b162-0cc3-40c3-b04d-3140d4d47fcc,4160840.92008,4160840.92008,15.241227996395054,1,0,0,0,0,0,0,0,0,0,106688228.72,0,0,0,0,0,0,0,0,0,0,False,NORMAL,0.1031,2025-05-30 11:59:56
cb2d1711-6ca9-4ed6-b6a2-a44984dda492,230800.0,230800.0,12.349311146362329,1,0,0,0,0,0,0,0,0,0,230800.0,0,0,0,0,0,0,0,0,0,0,False,NORMAL,0.1728,2025-05-30 11:59:56
e2853836-b0c5-4c7d-8e8b-7cbaf0dfaa23,48000000.0,27807499.999999966,17.6867115897055,1,0,0,0,0,0,0,0,0,0,48000000.0,0,0,0,0,0,0,0,0,0,0,False,NORMAL,0.0846,2025-05-30 11:59:56
5b4a2256-bb0a-4556-840e-4b3de6258a0c,290000.0,290000.0,12.577639650232571,1,0,0,0,0,0,0,0,0,0,290000.0,0,0,0,0,0,0,0,0,0,0,False,NORMAL,0.1751,2025-05-30 11:59:56
aae6eace-db44-4e65-9820-34f8fc67378e,1050000.0,1050000.0,13.864301674514206,1,0,0,0,0,0,0,0,0,0,1050000.0,0,0,0,0,0,0,0,0,0,0,False,NORMAL,0.1734,2025-05-30 11:59:56
6394fc3d-ea33-4e65-9212-f080cd5013aa,1000000.0,1000000.0,13.815511557963774,1,0,0,0,0,0,0,0,0,0,1000000.0,0,0,0,0,0,0,0,0,0,0,False,NORMAL,0.1723,2025-05-30 11:59:56
c166a583-4dd1-4c75-a6c0-e00ff03b0131,3000000.0,3000000.0,14.914123179965662,1,0,0,0,0,0,0,0,0,0,3000000.0,0,0,0,0,0,0,0,0,0,0,False,NORMAL,0.168,2025-05-30 11:59:56
8aea9840-e114-4990-a573-0d0d8569dcfd,0.0,0.0,0.0,1,0,0,0,0,0,0,0,0,0,0.0,0,0,0,0,0,0,0,0,0,0,False,NORMAL,0.075,2025-05-30 11:59:56
e3e22fdf-5b05-473b-82f7-2c808fae8379,5358093.0,5358093.0,15.494118872792448,1,0,0,0,0,0,0,0,0,0,137387000.0,0,0,0,0,0,0,0,0,0,0,False,NORMAL,0.0918,2025-05-30 11:59:56
66d3fc4e-3fd3-4394-a626-729063ee9fd4,243180.405,243180.405,12.40156296644701,1,0,0,0,0,0,0,0,0,0,6235395.0,0,0,0,0,0,0,0,0,0,0,False,NORMAL,0.1665,2025-05-30 11:59:56
c9fc4a17-e153-4ee1-805b-6685a6b77587,5714344.0,5714344.0,15.558490237969076,1,0,0,0,0,0,0,0,0,0,5714344.0,0,0,0,0,0,0,0,0,0,0,False,NORMAL,0.1616,2025-05-30 11:59:56
bfa72711-16a1-4446-8af4-6356d9486b73,1166948.64,1166948.64,13.969903756952812,1,0,0,0,0,0,0,0,0,0,29921760.0,0,0,0,0,0,0,0,0,0,0,False,NORMAL,0.1577,2025-05-30 11:59:56
8d5b61b6-501a-4b2f-b827-5eef052f7206,56316000.0,27807499.999999966,17.846489262321498,0,1,0,0,0,0,0,0,0,0,1444000000.0,0,0,0,0,0,0,0,0,0,0,True,OUTLIER,-0.0619,2025-05-30 11:59:56
30cfe07e-3f0e-4c1e-bd77-3d5d89302d4f,300000.0,300000.0,12.611541086966117,1,0,0,0,0,0,0,0,0,0,300000.0,0,0,0,0,0,0,0,0,0,0,False,NORMAL,0.1751,2025-05-30 11:59:56
555e30df-cc5b-4960-b181-be2ae19e5ded,5033730.0,5033730.0,15.4316720166187,1,0,0,0,0,0,0,0,0,0,129070000.0,0,0,0,0,0,0,0,0,0,0,False,NORMAL,0.0965,2025-05-30 11:59:56
409174f0-5735-498f-aad5-c7a4014f7c0c,26800000.0,26800000.0,17.103912482794517,0,0,0,1,0,0,0,0,0,0,26800000.0,0,0,0,0,0,0,0,0,0,0,False,NORMAL,0.1228,2025-05-30 11:59:56
f8649061-b40c-41d0-95de-030194603e6a,2528760.0,2528760.0,14.743240017429915,1,0,0,0,0,0,0,0,0,0,64840000.0,0,0,0,0,0,0,0,0,0,0,False,NORMAL,0.1228,2025-05-30 11:59:56
c158d529-3cbe-425b-b030-670d046fcf46,250000.0,250000.0,12.429220196836384,1,0,0,0,0,0,0,0,0,0,250000.0,0,0,0,0,0,0,0,0,0,0,False,NORMAL,0.1732,2025-05-30 11:59:56
bb4b5882-15c3-44ba-aeaf-a1ad571ec9be,7000000.0,7000000.0,15.76142084987672,0,1,0,0,0,0,0,0,0,0,7000000.0,0,0,0,0,0,0,0,0,0,0,False,NORMAL,0.1583,2025-05-30 11:59:56
474b67fe-7054-4124-8fef-1d2107a31da6,859999.9999999999,859999.9999999999,13.664688831019712,0,1,0,0,0,0,0,0,0,0,10000000.0,0,0,0,0,0,0,0,0,0,0,False,NORMAL,0.172,2025-05-30 11:59:56
db93c1ec-a40d-48f6-aab9-c357c66fe4bb,4022430.0,4022430.0,15.207397004190057,1,0,0,0,0,0,0,0,0,0,4022430.0,0,0,0,0,0,0,0,0,0,0,False,NORMAL,0.1648,2025-05-30 11:59:56
68e52762-0f29-461a-92d4-4a1a4bc29f27,21892650.0,21892650.0,16.901661567694003,1,0,0,0,0,0,0,0,0,0,561350000.0,0,0,0,0,0,0,0,0,0,0,False,NORMAL,0.0049,2025-05-30 11:59:56
3e2b49d8-3e6e-45c1-83fd-2af0874bb455,69600000.0,27807499.999999966,18.058275139672464,1,0,0,0,0,0,0,0,0,0,800000000.0,0,0,0,0,0,0,0,0,0,0,True,OUTLIER,-0.0335,2025-05-30 11:59:56
b2ea5d71-c588-4238-91c8-99a680f3f1f0,981500.0,981500.0,13.796838311546836,1,0,0,0,0,0,0,0,0,0,981500.0,0,0,0,0,0,0,0,0,0,0,False,NORMAL,0.1723,2025-05-30 11:59:56
2af3856f-08ae-4679-9d12-34e6d7b072ea,50400000.0,27807499.999999966,17.73550175288287,1,0,0,0,0,0,0,0,0,0,50400000.0,0,0,0,0,0,0,0,0,0,0,False,NORMAL,0.0805,2025-05-30 11:59:56
85a32bec-7ac4-40ab-b5b9-d32a9e924f70,1100000.0,1100000.0,13.910821646859096,1,0,0,0,0,0,0,0,0,0,1100000.0,0,0,0,0,0,0,0,0,0,0,False,NORMAL,0.1734,2025-05-30 11:59:56
a3dccf3b-f46e-41eb-a997-dfe38045c733,1574038.22,1574038.22,14.26915562505693,1,0,0,0,0,0,0,0,0,0,1574038.22,0,0,0,0,0,0,0,0,0,0,False,NORMAL,0.1723,2025-05-30 11:59:56
9419a1ae-8083-42cd-a196-d45ae953e9f9,12577500.0,12577500.0,16.347420140854663,1,0,0,0,0,0,0,0,0,0,12577500.0,0,0,0,0,0,0,0,0,0,0,False,NORMAL,0.1448,2025-05-30 11:59:56
53a9292d-316b-41d4-b21b-3e86fd5b539b,2045550.0,2045550.0,14.531177748820046,1,0,0,0,0,0,0,0,0,0,52450000.0,0,0,0,0,0,0,0,0,0,0,False,NORMAL,0.1431,2025-05-30 11:59:56
628cf1ff-fa33-42cf-b411-29841d5d2b07,702000.0,702000.0,13.46169010750836,1,0,0,0,0,0,0,0,0,0,18000000.0,0,0,0,0,0,0,0,0,0,0,False,NORMAL,0.1661,2025-05-30 11:59:56
0e59bf12-f68e-4b50-83c2-12c80596310f,500000.0,500000.0,13.122365377402328,1,0,0,0,0,0,0,0,0,0,500000.0,0,0,0,0,0,0,0,0,0,0,False,NORMAL,0.1744,2025-05-30 11:59:56
9eb25448-4f6d-4492-b0d1-86115a79ed0a,390000.0,390000.0,12.873904582205109,1,0,0,0,0,0,0,0,0,0,390000.0,0,0,0,0,0,0,0,0,0,0,False,NORMAL,0.1742,2025-05-30 11:59:56
b3bb6d77-64c6-49e7-988f-589c71806d66,18721976.3658,18721976.3658,16.745208651950378,1,0,0,0,0,0,0,0,0,0,36709757.58,0,0,0,0,0,0,0,0,0,0,False,NORMAL,0.1267,2025-05-30 11:59:56
043b02a6-fc0b-4b75-8604-66470c043f15,3227904.225,3227904.225,14.98734394765595,1,0,0,0,0,0,0,0,0,0,82766775.0,0,0,0,0,0,0,0,0,0,0,False,NORMAL,0.1155,2025-05-30 11:59:56
e6092d03-892d-4e52-b0ae-d6810c90149b,600000.0,600000.0,13.304686600863562,1,0,0,0,0,0,0,0,0,0,600000.0,0,0,0,0,0,0,0,0,0,0,False,NORMAL,0.1739,2025-05-30 11:59:56
a29a6ce4-5941-421c-87ea-e6c2906f4f39,39000.0,39000.0,10.5713425658087,1,0,0,0,0,0,0,0,0,0,1000000.0,0,0,0,0,0,0,0,0,0,0,False,NORMAL,0.1537,2025-05-30 11:59:56
ed1023f0-03f6-42b1-b48e-f063473e2096,8380710.0,8380710.0,15.94144331372788,1,0,0,0,0,0,0,0,0,0,214890000.0,0,0,0,0,0,0,0,0,0,0,False,NORMAL,0.0689,2025-05-30 11:59:56
943fa154-4d53-48aa-af58-db3b93ddb3a0,1000000.0,1000000.0,13.815511557963774,1,0,0,0,0,0,0,0,0,0,1000000.0,0,0,0,0,0,0,0,0,0,0,False,NORMAL,0.1723,2025-05-30 11:59:56
503375b1-2fee-4905-8188-496c50e5905f,28350000.0,27807499.999999966,17.160137623411405,0,0,0,0,0,0,0,1,0,0,28350000.0,0,0,0,0,0,0,0,0,0,0,False,NORMAL,0.1162,2025-05-30 11:59:56
8d33fa9c-9a59-4390-89c9-056fff094829,1361955.0,1361955.0,14.124432459736576,1,0,0,0,0,0,0,0,0,0,2670500.0,0,0,0,0,0,0,0,0,0,0,False,NORMAL,0.1732,2025-05-30 11:59:56
9c654d4e-634b-41e1-bb6c-ae21d6918a33,1320000.0,1320000.0,14.093143052138023,1,0,0,0,0,0,0,0,0,0,1320000.0,0,0,0,0,0,0,0,0,0,0,False,NORMAL,0.1735,2025-05-30 11:59:56
3b6a17c3-fc34-43f3-9144-8e7cf86af321,20500000.0,20500000.0,16.835935492889124,1,0,0,0,0,0,0,0,0,0,20500000.0,0,0,0,0,0,0,0,0,0,0,False,NORMAL,0.1303,2025-05-30 11:59:56
4ed8e065-1ed8-4409-a9d1-eca598283058,3896645.805,3896645.805,15.17562694767562,1,0,0,0,0,0,0,0,0,0,99913995.0,0,0,0,0,0,0,0,0,0,0,False,NORMAL,0.1047,2025-05-30 11:59:56
77ec5799-d7a4-47ee-a418-0758e4f1bedd,309000.0,309000.0,12.6410997921206,1,0,0,0,0,0,0,0,0,0,309000.0,0,0,0,0,0,0,0,0,0,0,False,NORMAL,0.1751,2025-05-30 11:59:56
2eb0305a-fae2-414c-b3aa-0c12c0384dc1,422850.0,422850.0,12.954775150112384,1,0,0,0,0,0,0,0,0,0,422850.0,0,0,0,0,0,0,0,0,0,0,False,NORMAL,0.1748,2025-05-30 11:59:56
f90376b5-804f-4c78-9520-5b846180c165,0.0,0.0,0.0,1,0,0,0,0,0,0,0,0,0,0.0,0,0,0,0,0,0,0,0,0,0,False,NORMAL,0.075,2025-05-30 11:59:56
de94c447-3e1c-4a24-b6bc-6a7599a47b75,1407133.55,1407133.55,14.157065960522234,1,0,0,0,0,0,0,0,0,0,1407133.55,0,0,0,0,0,0,0,0,0,0,False,NORMAL,0.1715,2025-05-30 11:59:56
ecf98445-7ef8-4532-8ee2-26fad340852a,39000.0,39000.0,10.5713425658087,1,0,0,0,0,0,0,0,0,0,1000000.0,0,0,0,0,0,0,0,0,0,0,False,NORMAL,0.1537,2025-05-30 11:59:56
e025f3e1-c335-4c2c-9526-793513a3e8ab,123513.0,123513.0,11.72410978894926,1,0,0,0,0,0,0,0,0,0,3167000.0,0,0,0,0,0,0,0,0,0,0,False,NORMAL,0.1667,2025-05-30 11:59:56
b81e95dc-ed19-47cb-91fc-5a9728915fa0,25350.0,25350.0,10.140573455973044,1,0,0,0,0,0,0,0,0,0,650000.0,0,0,0,0,0,0,0,0,0,0,False,NORMAL,0.1469,2025-05-30 11:59:56
f781ba99-33e1-4e88-b4fb-5f9d5cb211ac,4022430.0,4022430.0,15.207397004190057,1,0,0,0,0,0,0,0,0,0,4022430.0,0,0,0,0,0,0,0,0,0,0,False,NORMAL,0.1648,2025-05-30 11:59:56
8586768d-fd21-4920-b10d-cbf825c60954,397800.0,397800.0,12.893707159224892,1,0,0,0,0,0,0,0,0,0,10200000.0,0,0,0,0,0,0,0,0,0,0,False,NORMAL,0.1667,2025-05-30 11:59:56
dd59b607-64b4-4355-8e51-9ff77d4b4251,351000.0,351000.0,12.768544351446794,1,0,0,0,0,0,0,0,0,0,9000000.0,0,0,0,0,0,0,0,0,0,0,False,NORMAL,0.1698,2025-05-30 11:59:56
75173273-e5a9-4440-ac80-62fe25ddac93,260999.99999999997,260999.99999999997,12.472279517715116,1,0,0,0,0,0,0,0,0,0,3000000.0,0,0,0,0,0,0,0,0,0,0,False,NORMAL,0.172,2025-05-30 11:59:56
678370cf-00a0-4849-ba51-77560f282167,471654.71574,471654.71574,13.064004582609469,1,0,0,0,0,0,0,0,0,0,12093710.66,0,0,0,0,0,0,0,0,0,0,False,NORMAL,0.1658,2025-05-30 11:59:56
45d9aa9e-a20c-403b-9fa7-6a81d807c3f5,180000.0,180000.0,12.100717685412471,1,0,0,0,0,0,0,0,0,0,180000.0,0,0,0,0,0,0,0,0,0,0,False,NORMAL,0.1716,2025-05-30 11:59:56
2bc6edbf-c651-461e-9856-1e4d4c20ed94,59280000.0,27807499.999999966,17.897782555821202,0,1,0,0,0,0,0,0,0,0,1520000000.0,0,0,0,0,0,0,0,0,0,0,True,OUTLIER,-0.0641,2025-05-30 11:59:56
d74e0ad7-9574-4e2a-8c72-df59955c78aa,410000.0,410000.0,12.923914877701906,1,0,0,0,0,0,0,0,0,0,410000.0,0,0,0,0,0,0,0,0,0,0,False,NORMAL,0.1748,2025-05-30 11:59:56
e1549241-28c5-4a53-a683-f2871981ef6b,322500.0,322500.0,12.683861515988353,1,0,0,0,0,0,0,0,0,0,322500.0,0,0,0,0,0,0,0,0,0,0,False,NORMAL,0.1751,2025-05-30 11:59:56
29a4e797-5e43-4c46-92ab-c8acc0a23929,1800000.0,1800000.0,14.403297778421797,1,0,0,0,0,0,0,0,0,0,1800000.0,0,0,0,0,0,0,0,0,0,0,False,NORMAL,0.1707,2025-05-30 11:59:56
3dedbb09-e403-4bbb-8261-37082f67be68,179000000.0,27807499.999999966,19.00289636939162,0,0,0,0,0,0,0,1,0,0,179000000.0,0,0,0,0,0,0,0,0,0,0,True,OUTLIER,-0.0299,2025-05-30 11:59:56
28fa881c-8208-44ef-95be-ee89db0a38a7,199147.455,199147.455,12.201805830608318,1,0,0,0,0,0,0,0,0,0,5106345.0,0,0,0,0,0,0,0,0,0,0,False,NORMAL,0.1663,2025-05-30 11:59:56
b06348b2-ac12-49ea-8ae8-cb561ef2f3d8,35000000.0,27807499.999999966,17.370858648025116,1,0,0,0,0,0,0,0,0,0,35000000.0,0,0,0,0,0,0,0,0,0,0,False,NORMAL,0.109,2025-05-30 11:59:56
5c0e02af-0613-4083-b1b7-ad578eb81a3c,926542.12,926542.12,13.739215864369305,0,0,0,1,0,0,0,0,0,0,926542.12,0,0,0,0,0,0,0,0,0,0,False,NORMAL,0.1723,2025-05-30 11:59:56
76736751-1564-4cc1-b37d-8ee3f633d7df,2637149.0,2637149.0,14.785209346539045,1,0,0,0,0,0,0,0,0,0,2637149.0,0,0,0,0,0,0,0,0,0,0,False,NORMAL,0.1709,2025-05-30 11:59:56
8a6fcb47-8c10-4f7e-b7f1-9ee7940bd765,20253905.86,20253905.86,16.823858264265986,1,0,0,0,0,0,0,0,0,0,20253905.86,0,0,0,0,0,0,0,0,0,0,False,NORMAL,0.1303,2025-05-30 11:59:56
400109e8-0f2e-454e-a5d1-52ab3348dafb,276000.0,276000.0,12.52815976788113,1,0,0,0,0,0,0,0,0,0,1200000.0,0,0,0,0,0,0,0,0,0,0,False,NORMAL,0.1728,2025-05-30 11:59:56
f249f948-4168-40f3-b721-0d8773a99423,292712.74,292712.74,12.586950413839926,1,0,0,0,0,0,0,0,0,0,292712.74,0,0,0,0,0,0,0,0,0,0,False,NORMAL,0.1751,2025-05-30 11:59:56
c534f946-bac1-4b53-a03e-ce3e6223755c,9500000.0,9500000.0,16.066802461833923,0,0,0,0,0,0,0,1,0,0,9500000.0,0,0,0,0,0,0,0,0,0,0,False,NORMAL,0.1528,2025-05-30 11:59:56
0ab5f500-e985-4138-abad-f8c4dd4d8a05,350000.0,350000.0,12.765691290604371,1,0,0,0,0,0,0,0,0,0,350000.0,0,0,0,0,0,0,0,0,0,0,False,NORMAL,0.1753,2025-05-30 11:59:56
539e8fb5-ed9a-419f-bb20-028319926cfd,5129070.0,5129070.0,15.450435109129952,1,0,0,0,0,0,0,0,0,0,5129070.0,0,0,0,0,0,0,0,0,0,0,False,NORMAL,0.1638,2025-05-30 11:59:56
e0a38e76-b400-4875-b624-e78b5b6bd235,5378435.46,5378435.46,15.49790826908171,1,0,0,0,0,0,0,0,0,0,5378435.46,0,0,0,0,0,0,0,0,0,0,False,NORMAL,0.1616,2025-05-30 11:59:56
a2e3ab5f-88dd-49af-b0a5-c4731da8bf10,128925.61968,128925.61968,11.766998681803209,1,0,0,0,0,0,0,0,0,0,3305785.12,0,0,0,0,0,0,0,0,0,0,False,NORMAL,0.1667,2025-05-30 11:59:56
23f92c4e-5851-411d-9e3e-eb5aaddf8193,1454048.25,1454048.25,14.189862808578985,1,0,0,0,0,0,0,0,0,0,2851075.0,0,0,0,0,0,0,0,0,0,0,False,NORMAL,0.1716,2025-05-30 11:59:56
fed02f2d-78b7-4b1d-9661-75e71eee36fa,4022430.0,4022430.0,15.207397004190057,1,0,0,0,0,0,0,0,0,0,4022430.0,0,0,0,0,0,0,0,0,0,0,False,NORMAL,0.1648,2025-05-30 11:59:56
55268c89-2acf-4c4b-8429-e2e8397166a3,7600000.0,7600000.0,15.843658936835498,0,0,0,1,0,0,0,0,0,0,7600000.0,0,0,0,0,0,0,0,0,0,0,False,NORMAL,0.1583,2025-05-30 11:59:56
